,Destination,Out Date,Out Duration,Out Stops,Out Time,Company names,Price,Url,timestamp
0,63cy,2022-07-24,6t. 00min. ,1 stop BEG ,20:20–03:20+1,Air Serbia,"
1.338 kr. ",https://kayak.dk/book/flight?code=ShBCIzkvOs.9fdXKKS7VFPX5HxgfjXj60KjG3h1fuZ4.19008.dbbfc4e62a0cbbf3299107246d52b284&h=7496d310c672&sub=E-190543529f2&payment=0.00:DKK:VA_D:Visa%20Debit:true&pageOrigin=F..RP.FE.M0,20220506-2246
1,63cy,2022-07-24,10t. 50min. ,1 stop ATH ,11:15–23:05,Aegean Airlines,"
1.060 kr. ",https://kayak.dk/book/flight?code=ShBCIzkvOs.OpE0eUgMt9vBDARZyLA7ng.15061.12aa58fe482c3d4ba7ba3777ec2f099a&h=322df61d2bb1&sub=E-198faba617b&payment=0.00:DKK:VA_D:Visa%20Debit:true&pageOrigin=F..RP.FE.M1,20220506-2246
2,63cy,2022-07-24,7t. 55min. ,1 stop ATH ,11:15–20:10,Aegean Airlines,"
1.253 kr. ",https://kayak.dk/book/flight?code=ShBCIzkvOs.OpE0eUgMt9vBDARZyLA7ng.17803.4298c10aff9a0540eebd368bb797cfc4&h=77e49e3fcdf6&sub=E-198faba617b&payment=0.00:DKK:VA_D:Visa%20Debit:true&pageOrigin=F..RP.FE.M2,20220506-2246
3,63cy,2022-07-24,5t. 50min. ,1 stop ATH ,11:15–18:05,Aegean Airlines,"
1.592 kr. ",https://kayak.dk/book/flight?code=ShBCIzkvOs.B02yaTe2fq4.22619.3f6d210655e9d1c0b6e478e23a28197e&h=19c40f256097&sub=E-13c2cdac7f9&payment=0.00:DKK:VA_D:Visa%20Debit:true&pageOrigin=F..RP.FE.M3,20220506-2246
4,63cy,2022-07-24,7t. 10min. ,1 stop SKG ,07:25–15:35,Aegean Airlines,"
1.849 kr. ",https://kayak.dk/book/flight?code=ShBCIzkvOs.B02yaTe2fq4.26271.23589210944fdbf0ede21b6d4a96c73d&h=81d950f3db89&sub=E-13c2cdac7f9&payment=0.00:DKK:VA_D:Visa%20Debit:true&pageOrigin=F..RP.FE.M4,20220506-2246
5,63cy,2022-07-24,6t. 50min. ,1 stop AMM ,15:55–23:45,Royal Jordanian,"
2.027 kr. ",https://kayak.dk/book/flight?code=ShBCIzkvOs.fMX_LU8SGCqTYUaMc-KbMA.28800.1ac96e8e421af8d81951bef27837fb30&h=d1fb0d0cfe34&sub=E-14b8eadbcf8&payment=0.00:DKK:VA_D:Visa%20Debit:true&pageOrigin=F..RP.FE.M5,20220506-2246
6,63cy,2022-07-24,13t. 05min. ,1 stop ATH ,11:15–01:20+1,Aegean Airlines,"
1.060 kr. ",https://kayak.dk/book/flight?code=ShBCIzkvOs.OpE0eUgMt9vBDARZyLA7ng.15061.dfab612e4831419fbf1ae5d68e952266&h=6b2757790b74&sub=E-198faba617b&payment=0.00:DKK:VA_D:Visa%20Debit:true&pageOrigin=F..RP.FE.M6,20220506-2246
7,63cy,2022-07-24,12t. 40min. ,1 stop BEG ,20:20–10:00+1,Air Serbia,"
1.115 kr. ",https://kayak.dk/book/flight?code=ShBCIzkvOs.9fdXKKS7VFPX5HxgfjXj60KjG3h1fuZ4.15837.03869af87704d8b4341a40404c120e66&h=ece6fac8dafa&sub=E-190543529f2&payment=0.00:DKK:VA_D:Visa%20Debit:true&pageOrigin=F..RP.FE.M7,20220506-2246
8,63cy,2022-07-24,5t. 50min. ,1 stop MUC ,12:45–19:35,Lufthansa,"
2.955 kr. ",https://kayak.dk/book/flight?code=ShBCIzkvOs.ZO8uPiOYZs0.41984.558821f35fa3e916c6b790ad134ff71d&h=1b107a62fade&sub=E-1c9d07b710e&payment=0.00:DKK:VA_D:Visa%20Debit:true&pageOrigin=F..RP.FE.M8,20220506-2246
9,63cy,2022-07-24,11t. 45min. ,"2 stop SKG, ATH ",07:25–20:10,Aegean Airlines,"
1.944 kr. ",https://kayak.dk/book/flight?code=ShBCIzkvOs.9lYSaCmVMIfX5HxgfjXj60KjG3h1fuZ4.27607.cff61ef3092cc3a66529e90829cd6d40&h=c9dd0e1ecaa0&sub=E-1fb6840c210&payment=0.00:DKK:VA_D:Visa%20Debit:true&pageOrigin=F..RP.FE.M9,20220506-2246
10,63cy,2022-07-24,11t. 45min. ,"2 stop SKG, ATH ",07:25–20:10,Aegean Airlines,"
1.944 kr. ",https://kayak.dk/book/flight?code=ShBCIzkvOs.9lYSaCmVMIfX5HxgfjXj60KjG3h1fuZ4.27607.2d09ceb36ab85aca7e2e6b24a5183b8b&h=84b7f48b0987&sub=E-1fb6840c210&payment=0.00:DKK:VA_D:Visa%20Debit:true&pageOrigin=F..RP.FE.M10,20220506-2246
11,63cy,2022-07-24,9t. 10min. ,1 stop CDG ,08:25–18:35,"SAS, TUS Airways","
2.095 kr. ",https://kayak.dk/book/flight?code=ShBCIzkvOs.eNCwACMVOeJpd4CyPwn0EI6M4XD8KcmF.29766.ad6017038c5aa585226793b68efaca14&h=d837789c7c92&sub=E-15e20529e1b&payment=0.00:DKK:VA_D:Visa%20Debit:true&pageOrigin=F..RP.FE.M11,20220506-2246
12,63cy,2022-07-24,9t. 00min. ,"2 stop FRA, MUC ",09:35–19:35,Lufthansa,"
2.513 kr. ",https://kayak.dk/book/flight?code=ShBCIzkvOs.ZO8uPiOYZs0.35705.2cd9580030d9dcb9253a16b6e7ce43ba&h=304f040ae733&sub=E-1ea799c2b64&payment=0.00:DKK:VA_D:Visa%20Debit:true&pageOrigin=F..RP.FE.M12,20220506-2246
13,63cy,2022-07-24,9t. 45min. ,1 stop MUC ,08:50–19:35,Lufthansa,"
2.540 kr. ",https://kayak.dk/book/flight?code=ShBCIzkvOs.ZO8uPiOYZs0.36088.67461fbe0e91cc0a30fd043f36410387&h=2a8cecad103a&sub=E-1c9d07b710e&payment=0.00:DKK:VA_D:Visa%20Debit:true&pageOrigin=F..RP.FE.M13,20220506-2246
14,63cy,2022-07-24,7t. 55min. ,1 stop AMS ,11:30–20:25,KLM,"
2.695 kr. ",https://kayak.dk/book/flight?code=ShBCIzkvOs.i8CATpNSsfE.38290.71bc2cfef584992648d6a19720bb2498&h=f1a3a493a206&sub=E-18880e8ed14&payment=0.00:DKK:VA_D:Visa%20Debit:true&pageOrigin=F..RP.FE.M14,20220506-2246
15,63cy,2022-07-24,13t. 20min. ,"2 stop WAW, OTP ",07:00–21:20,"LOT, Blue Air","
1.173 kr. ",https://kayak.dk/book/flight?code=ShBCIzkvOs.eNCwACMVOeJpd4CyPwn0EI6M4XD8KcmF.16666.f6490a6016d630bd957033d37ed68a54&h=6f5ce3a02eb2&sub=E-15e20529e1b&payment=0.00:DKK:VA_D:Visa%20Debit:true&pageOrigin=F..RP.FE.M16,20220506-2246
16,63cy,2022-07-24,11t. 30min. ,1 stop SOF ,09:30–22:00,"Wizz Air, Ryanair","
1.233 kr. ",https://kayak.dk/book/flight?code=ShBCIzkvOs.eNCwACMVOeJpd4CyPwn0EI6M4XD8KcmF.17519.e8142eb76fea4c9f9135aebbf41c8a62&h=56f52ac9eade&sub=E-16dacc069bf&payment=0.00:DKK:VA_D:Visa%20Debit:true&pageOrigin=F..RP.FE.M17,20220506-2246
17,63cy,2022-07-24,14t. 00min. ,"2 stop WAW, SOF ",07:00–22:00,"LOT, Ryanair","
1.235 kr. ",https://kayak.dk/book/flight?code=ShBCIzkvOs.eNCwACMVOeJpd4CyPwn0EI6M4XD8KcmF.17540.44ad32dbf7e785b754e888b8b05ca28c&h=29b2c64d2954&sub=E-16dacc069bf&payment=0.00:DKK:VA_D:Visa%20Debit:true&pageOrigin=F..RP.FE.M18,20220506-2246
18,63cy,2022-07-24,14t. 00min. ,"2 stop WAW, SOF ",07:00–22:00,"LOT, Ryanair","
1.235 kr. ",https://kayak.dk/book/flight?code=ShBCIzkvOs.eNCwACMVOeJpd4CyPwn0EI6M4XD8KcmF.17540.4a0dae537735900fdd93b6c776346ac5&h=794468eda252&sub=E-16dacc069bf&payment=0.00:DKK:VA_D:Visa%20Debit:true&pageOrigin=F..RP.FE.M19,20220506-2246
19,63cy,2022-07-24,12t. 25min. ,"3 stop GDN, WAW, ... ",07:55–21:20,Flere flyselskaber,"
1.311 kr. ",https://kayak.dk/book/flight?code=ShBCIzkvOs.47F3EeHCWiIEdn9PX-8xhQ.18620.9aba120f0d6a8a737abc6217bbe93887&h=5e9cef431fef&sub=E-1cbc5e05294&payment=0.00:DKK:VA_D:Visa%20Debit:true&pageOrigin=F..RP.FE.M20,20220506-2246
20,63cy,2022-07-24,12t. 05min. ,"2 stop BEG, OTP ",20:20–09:25+1,"Air Serbia, Blue Air","
1.366 kr. ",https://kayak.dk/book/flight?code=ShBCIzkvOs.eNCwACMVOeJpd4CyPwn0EI6M4XD8KcmF.19408.4c3934f753d6f0029c958456ea766632&h=21fb4d04899b&sub=E-15e20529e1b&payment=0.00:DKK:VA_D:Visa%20Debit:true&pageOrigin=F..RP.FE.M21,20220506-2246
21,63cy,2022-07-24,12t. 40min. ,"2 stop WAW, OTP ",19:45–09:25+1,"LOT, Blue Air","
1.376 kr. ",https://kayak.dk/book/flight?code=ShBCIzkvOs.eNCwACMVOeJpd4CyPwn0EI6M4XD8KcmF.19550.810dd94b9f037e1becfb8342d0cf891c&h=7b90bb31cc37&sub=E-15e20529e1b&payment=0.00:DKK:VA_D:Visa%20Debit:true&pageOrigin=F..RP.FE.M22,20220506-2246
22,63cy,2022-07-24,13t. 05min. ,"3 stop GDN, WAW, ... ",07:55–22:00,"Ryanair, LOT","
1.386 kr. ",https://kayak.dk/book/flight?code=ShBCIzkvOs.eNCwACMVOeJpd4CyPwn0EI6M4XD8KcmF.19692.f4e58919a610a080aeb3f7dfe0aea074&h=6124b51b8bd7&sub=E-1bb60be310f&payment=0.00:DKK:VA_D:Visa%20Debit:true&pageOrigin=F..RP.FE.M23,20220506-2246
23,63cy,2022-07-24,10t. 20min. ,1 stop CHQ ,22:45–10:05+1,"Norwegian, Ryanair","
1.423 kr. ",https://kayak.dk/book/flight?code=ShBCIzkvOs.eNCwACMVOeJpd4CyPwn0EI6M4XD8KcmF.20211.93de10b6248421312adfd83352ec6a79&h=6cac17fc82d7&sub=E-1ea73b8c60e&payment=0.00:DKK:VA_D:Visa%20Debit:true&pageOrigin=F..RP.FE.M24,20220506-2246
24,63cy,2022-07-24,14t. 45min. ,1 stop WAW ,19:45–11:30+1,"LOT, Wizz Air","
1.454 kr. ",https://kayak.dk/book/flight?code=ShBCIzkvOs.eNCwACMVOeJpd4CyPwn0EI6M4XD8KcmF.20659.d58717f22d63148105692f9af0fd7124&h=83a38bd49a4f&sub=E-15e20529e1b&payment=0.00:DKK:VA_D:Visa%20Debit:true&pageOrigin=F..RP.FE.M25,20220506-2246
25,63cy,2022-07-24,13t. 05min. ,1 stop FCO-CIA ,06:15–20:20,"Norwegian, Ryanair","
1.528 kr. ",https://kayak.dk/book/flight?code=ShBCIzkvOs.eNCwACMVOeJpd4CyPwn0EI6M4XD8KcmF.21703.b5c84a38655abcbb36248095f37b71bc&h=946998f64f67&sub=E-1ea73b8c60e&payment=0.00:DKK:VA_D:Visa%20Debit:true&pageOrigin=F..RP.FE.M26,20220506-2246
26,63cy,2022-07-24,12t. 15min. ,"2 stop BGY, SOF ",08:45–22:00,Ryanair,"
1.614 kr. ",https://kayak.dk/book/flight?code=ShBCIzkvOs.eNCwACMVOeJpd4CyPwn0EI6M4XD8KcmF.22925.eb6d2dce710f1b9d7e286b9d1b0ce21a&h=9b1fa7819f45&sub=E-15fb055c4bb&payment=0.00:DKK:VA_D:Visa%20Debit:true&pageOrigin=F..RP.FE.M27,20220506-2246
27,63cy,2022-07-24,11t. 45min. ,"2 stop SKG, ATH ",07:25–20:10,Aegean Airlines,"
1.693 kr. ",https://kayak.dk/book/flight?code=ShBCIzkvOs.18wgSzIaLAlgpzrTH2pViLaYAeeTFjgE.24047.cff61ef3092cc3a66529e90829cd6d40&h=0214376dc0b2&sub=E-1a5dd732813&payment=0.00:DKK:VA_D:Visa%20Debit:true&pageOrigin=F..RP.FE.M28,20220506-2246
28,63cy,2022-07-24,11t. 45min. ,"2 stop SKG, ATH ",07:25–20:10,Aegean Airlines,"
1.693 kr. ",https://kayak.dk/book/flight?code=ShBCIzkvOs.18wgSzIaLAlgpzrTH2pViLaYAeeTFjgE.24047.2d09ceb36ab85aca7e2e6b24a5183b8b&h=34c1f2576ad4&sub=E-1a5dd732813&payment=0.00:DKK:VA_D:Visa%20Debit:true&pageOrigin=F..RP.FE.M29,20220506-2246
29,63cy,2022-07-24,14t. 40min. ,"2 stop SKG, ATH ",07:25–23:05,Aegean Airlines,"
1.693 kr. ",https://kayak.dk/book/flight?code=ShBCIzkvOs.18wgSzIaLAlgpzrTH2pViLaYAeeTFjgE.24047.8745cd31788aaf8a5d95ae90aa85f702&h=60675de5d2b2&sub=E-1a5dd732813&payment=0.00:DKK:VA_D:Visa%20Debit:true&pageOrigin=F..RP.FE.M30,20220506-2246
30,63cy,2022-07-24,14t. 40min. ,"2 stop SKG, ATH ",07:25–23:05,Aegean Airlines,"
1.693 kr. ",https://kayak.dk/book/flight?code=ShBCIzkvOs.18wgSzIaLAlgpzrTH2pViLaYAeeTFjgE.24047.f2ead2490b5b063951ed15d0d667b2c8&h=4573aca4e760&sub=E-1a5dd732813&payment=0.00:DKK:VA_D:Visa%20Debit:true&pageOrigin=F..RP.FE.M31,20220506-2246
31,63cy,2022-07-24,14t. 40min. ,"2 stop SKG, ATH ",07:25–23:05,Aegean Airlines,"
1.693 kr. ",https://kayak.dk/book/flight?code=ShBCIzkvOs.18wgSzIaLAlgpzrTH2pViLaYAeeTFjgE.24047.168979987bc8fed0eaa958422c8970fb&h=7d04ea053b80&sub=E-1a5dd732813&payment=0.00:DKK:VA_D:Visa%20Debit:true&pageOrigin=F..RP.FE.M32,20220506-2246
32,63cy,2022-07-24,14t. 40min. ,"2 stop SKG, ATH ",07:25–23:05,Aegean Airlines,"
1.693 kr. ",https://kayak.dk/book/flight?code=ShBCIzkvOs.18wgSzIaLAlgpzrTH2pViLaYAeeTFjgE.24047.33b7738155e4aa75f612a7ba498cab4a&h=a904dabcb31e&sub=E-1a5dd732813&payment=0.00:DKK:VA_D:Visa%20Debit:true&pageOrigin=F..RP.FE.M33,20220506-2246
33,63cy,2022-07-24,9t. 45min. ,1 stop FCO-CIA ,09:35–20:20,Ryanair,"
1.964 kr. ",https://kayak.dk/book/flight?code=ShBCIzkvOs.eNCwACMVOeJpd4CyPwn0EI6M4XD8KcmF.27897.1a5e63ccb0124d799d47b0cb5669dc95&h=a80b2f2395c2&sub=E-1bb60be310f&payment=0.00:DKK:VA_D:Visa%20Debit:true&pageOrigin=F..RP.FE.M34,20220506-2246
34,63cy,2022-07-24,12t. 15min. ,"2 stop FRA, MUC ",06:20–19:35,Lufthansa,"
1.971 kr. ",https://kayak.dk/book/flight?code=ShBCIzkvOs.tb4DAgHpn3sEdn9PX-8xhQ.28004.258d5358d33b77c423eff8c1e3758747&h=f3cd1dd9d31e&sub=E-1ad3f93beb1&payment=0.00:DKK:VA_D:Visa%20Debit:true&pageOrigin=F..RP.FE.M35,20220506-2246
35,63cy,2022-07-24,12t. 15min. ,"2 stop FRA, MUC ",06:20–19:35,Lufthansa,"
1.971 kr. ",https://kayak.dk/book/flight?code=ShBCIzkvOs.tb4DAgHpn3sEdn9PX-8xhQ.28004.c067bbedf58c7d071e363696c76bd7c2&h=616fe2ee18b5&sub=E-1ad3f93beb1&payment=0.00:DKK:VA_D:Visa%20Debit:true&pageOrigin=F..RP.FE.M36,20220506-2246
36,63cy,2022-07-24,8t. 35min. ,1 stop VIE ,09:50–19:25,"Austrian Airlines, Ryanair","
2.013 kr. ",https://kayak.dk/book/flight?code=ShBCIzkvOs.eNCwACMVOeJpd4CyPwn0EI6M4XD8KcmF.28594.9f07077ac496df7cce7f37b7aadbf20a&h=cf3a347b5142&sub=E-13509e1c411&payment=0.00:DKK:VA_D:Visa%20Debit:true&pageOrigin=F..RP.FE.M37,20220506-2246
37,63cy,2022-07-24,12t. 25min. ,1 stop MUC ,06:10–19:35,Lufthansa,"
2.032 kr. ",https://kayak.dk/book/flight?code=ShBCIzkvOs.glFHOAdR1PwEdn9PX-8xhQ.28871.d7685e9181ea0839a2332bed01277afe&h=bfa2a1e7b590&sub=E-15d201eaa79&payment=0.00:DKK:VA_D:Visa%20Debit:true&pageOrigin=F..RP.FE.M38,20220506-2246
38,63cy,2022-07-24,9t. 50min. ,1 stop TLV ,06:05–16:55,"Norwegian, EL AL","
2.038 kr. ",https://kayak.dk/book/flight?code=ShBCIzkvOs.eNCwACMVOeJpd4CyPwn0EI6M4XD8KcmF.28956.fc3a8983f728e5eed4af973e22b338e8&h=6143d049bfe0&sub=E-1119a84c966&payment=0.00:DKK:VA_D:Visa%20Debit:true&pageOrigin=F..RP.FE.M39,20220506-2246
39,63cy,2022-07-24,11t. 10min. ,1 stop CDG ,06:25–18:35,"Air France, TUS Airways","
2.043 kr. ",https://kayak.dk/book/flight?code=ShBCIzkvOs.eNCwACMVOeJpd4CyPwn0EI6M4XD8KcmF.29027.46ecc90ea436f7a774b653b70114f39f&h=1611d8e27492&sub=E-143296b33ba&payment=0.00:DKK:VA_D:Visa%20Debit:true&pageOrigin=F..RP.FE.M40,20220506-2246
40,63cy,2022-07-24,9t. 10min. ,1 stop KRK ,11:35–21:45,Ryanair,"
2.079 kr. ",https://kayak.dk/book/flight?code=ShBCIzkvOs.eNCwACMVOeJpd4CyPwn0EI6M4XD8KcmF.29531.0de393eda824cc9b9d09316357e1a571&h=8e7b89ee851a&sub=E-1bb60be310f&payment=0.00:DKK:VA_D:Visa%20Debit:true&pageOrigin=F..RP.FE.M41,20220506-2246
41,63cy,2022-07-24,8t. 45min. ,"2 stop VAR, SOF ",00:10–09:55,Flere flyselskaber,"
2.086 kr. ",https://kayak.dk/book/flight?code=ShBCIzkvOs.47F3EeHCWiIEdn9PX-8xhQ.29631.d8c4ab4722af6da3944916600ddb6d48&h=96643afe7070&sub=E-1c8f00d753e&payment=0.00:DKK:VA_D:Visa%20Debit:true&pageOrigin=F..RP.FE.M42,20220506-2246
42,63cy,2022-07-24,9t. 10min. ,1 stop CDG ,08:25–18:35,"SAS, TUS Airways","
2.095 kr. ",https://kayak.dk/book/flight?code=ShBCIzkvOs.eNCwACMVOeJpd4CyPwn0EI6M4XD8KcmF.29766.ad6017038c5aa585226793b68efaca14&h=d837789c7c92&sub=E-15e20529e1b&payment=0.00:DKK:VA_D:Visa%20Debit:true&pageOrigin=F..RP.FE.M43,20220506-2246
43,63cy,2022-07-24,11t. 35min. ,"2 stop MUC, ATH ",12:45–01:20+1,Aegean Airlines,"
2.149 kr. ",https://kayak.dk/book/flight?code=ShBCIzkvOs.tb4DAgHpn3sEdn9PX-8xhQ.30526.dc2c6110a83d855edeab54ac985103c4&h=bbe0982cbcf3&sub=E-1189fc906d1&payment=0.00:DKK:VA_D:Visa%20Debit:true&pageOrigin=F..RP.FE.M44,20220506-2246
44,63cy,2022-07-24,7t. 15min. ,1 stop TLV ,06:05–14:20,"Norwegian, TUS Airways","
2.179 kr. ",https://kayak.dk/book/flight?code=ShBCIzkvOs.eNCwACMVOeJpd4CyPwn0EI6M4XD8KcmF.30959.11d1348a6aeb2c102c8fc33076ca5a1f&h=ac70706cc9f9&sub=E-1119a84c966&payment=0.00:DKK:VA_D:Visa%20Debit:true&pageOrigin=F..RP.FE.M45,20220506-2246
45,63cy,2022-07-24,9t. 50min. ,"2 stop BER, BEG ",16:30–03:20+1,"Norwegian, Air Serbia","
2.231 kr. ",https://kayak.dk/book/flight?code=ShBCIzkvOs.eNCwACMVOeJpd4CyPwn0EI6M4XD8KcmF.31698.2ee6a00e14ee0ab2ce47198cd25be93d&h=e4d465e504bd&sub=E-1119a84c966&payment=0.00:DKK:VA_D:Visa%20Debit:true&pageOrigin=F..RP.FE.M46,20220506-2246
46,63cy,2022-07-24,13t. 25min. ,1 stop AMS ,06:00–20:25,KLM,"
2.321 kr. ",https://kayak.dk/book/flight?code=ShBCIzkvOs.7e2QikHpsTMDzQq2dWkU9A.32975.4a427ce77535ced7f033c6a591f8cf29&h=a249966e0d51&sub=E-1be3dc2c5df&payment=0.00:DKK:VA_D:Visa%20Debit:true&pageOrigin=F..RP.FE.M47,20220506-2246
47,63cy,2022-07-24,11t. 04min. ,"2 stop FRA, BUD ",11:55–23:59,"Lufthansa, Ryanair","
2.362 kr. ",https://kayak.dk/book/flight?code=ShBCIzkvOs.FTZUJ6SC9iEmFcdAejOqIg.33559.531529413b9ad5e17ee61e8a23aacd77&h=dce77fd385e9&_kw_pbranded=true&sub=E-12d832bf205&payment=0.00:DKK:VA_D:Visa%20Debit:true&pageOrigin=F..RP.FE.M48,20220506-2246
48,63cy,2022-07-24,9t. 00min. ,"2 stop FRA, MUC ",09:35–19:35,Lufthansa,"
2.385 kr. ",https://kayak.dk/book/flight?code=ShBCIzkvOs.tb4DAgHpn3sEdn9PX-8xhQ.33886.2cd9580030d9dcb9253a16b6e7ce43ba&h=bc1b23514a32&sub=E-1ad3f93beb1&payment=0.00:DKK:VA_D:Visa%20Debit:true&pageOrigin=F..RP.FE.M49,20220506-2246
49,63cy,2022-07-24,9t. 00min. ,"2 stop FRA, MUC ",09:35–19:35,Lufthansa,"
2.385 kr. ",https://kayak.dk/book/flight?code=ShBCIzkvOs.tb4DAgHpn3sEdn9PX-8xhQ.33886.2a0d13ad2260d1fa70a1e834eaacbd72&h=d6a6df999903&sub=E-1ad3f93beb1&payment=0.00:DKK:VA_D:Visa%20Debit:true&pageOrigin=F..RP.FE.M50,20220506-2246
50,63cy,2022-07-24,9t. 45min. ,1 stop MUC ,08:50–19:35,Lufthansa,"
2.450 kr. ",https://kayak.dk/book/flight?code=ShBCIzkvOs.glFHOAdR1PwEdn9PX-8xhQ.34809.67461fbe0e91cc0a30fd043f36410387&h=f692f44323b7&sub=E-15d201eaa79&payment=0.00:DKK:VA_D:Visa%20Debit:true&pageOrigin=F..RP.FE.M51,20220506-2246
51,63cy,2022-07-24,10t. 35min. ,"2 stop ARN, MUC ",08:00–19:35,"SAS, Lufthansa","
2.539 kr. ",https://kayak.dk/book/flight?code=ShBCIzkvOs.G9QQN_lF2QPBDARZyLA7ng.36074.c140d39a3cbd4b1bde4b85a0c2f1999d&h=fe753eacc026&sub=E-1640b1f6c63&payment=0.00:DKK:VA_D:Visa%20Debit:true&pageOrigin=F..RP.FE.M52,20220506-2246
52,63cy,2022-07-24,8t. 00min. ,1 stop ATH ,16:20–01:20+1,"SAS, Aegean Airlines","
2.560 kr. ",https://kayak.dk/book/flight?code=ShBCIzkvOs.47F3EeHCWiIEdn9PX-8xhQ.36365.2649fb1fb58f1896a33df307219fc065&h=19a499274752&sub=E-1db6f97c17c&payment=0.00:DKK:VA_D:Visa%20Debit:true&pageOrigin=F..RP.FE.M53,20220506-2246
53,63cy,2022-07-24,7t. 55min. ,1 stop AMS ,11:30–20:25,KLM,"
2.615 kr. ",https://kayak.dk/book/flight?code=ShBCIzkvOs.7e2QikHpsTMDzQq2dWkU9A.37151.71bc2cfef584992648d6a19720bb2498&h=d2b944c3870e&sub=E-1be3dc2c5df&payment=0.00:DKK:VA_D:Visa%20Debit:true&pageOrigin=F..RP.FE.M54,20220506-2246
54,63cy,2022-07-24,10t. 00min. ,1 stop AMS ,09:25–20:25,KLM,"
2.671 kr. ",https://kayak.dk/book/flight?code=ShBCIzkvOs.tb4DAgHpn3sEdn9PX-8xhQ.37942.7b3d08927b5af96e71858123a1e66bcb&h=ad5c7d942a44&sub=E-109e2f27e23&payment=0.00:DKK:VA_D:Visa%20Debit:true&pageOrigin=F..RP.FE.M55,20220506-2246
55,63cy,2022-07-24,8t. 40min. ,1 stop BEY ,10:00–19:40,MEA,"
2.741 kr. ",https://kayak.dk/book/flight?code=ShBCIzkvOs.ZheJHZqHLmzKJvcpKN_waA.38943.5d1d9d65bf7492d47ee22d5253be2109&h=e6597e77d9c3&sub=E-1806b77a48b&payment=0.00:DKK:VA_D:Visa%20Debit:true&pageOrigin=F..RP.FE.M56,20220506-2246
56,63cy,2022-07-24,12t. 15min. ,"2 stop FRA, MUC ",06:20–19:35,Lufthansa,"
2.757 kr. ",https://kayak.dk/book/flight?code=ShBCIzkvOs.tb4DAgHpn3sEdn9PX-8xhQ.39171.c35910e1e0fb0dbbe48057070c29a6ac&h=abc764cf597a&sub=E-1ad3f93beb1&payment=0.00:DKK:VA_D:Visa%20Debit:true&pageOrigin=F..RP.FE.M57,20220506-2246
57,63cy,2022-07-24,9t. 15min. ,"2 stop FRA, VIE ",06:20–16:35,Lufthansa,"
2.793 kr. ",https://kayak.dk/book/flight?code=ShBCIzkvOs.e60g2LFm7BOKtDGeeN0IhQ.39683.d33af4150cbf1b243493d28ba30b3889&h=c26d8ad3dc54&sub=E-1ecfc407a77&payment=0.00:DKK:VA_D:Visa%20Debit:true&pageOrigin=F..RP.FE.M58,20220506-2246
58,63cy,2022-07-24,7t. 40min. ,1 stop MUC ,06:10–14:50,Lufthansa,"
2.858 kr. ",https://kayak.dk/book/flight?code=ShBCIzkvOs.e60g2LFm7BOKtDGeeN0IhQ.40599.ee43b3abb9edb6a582e2ed85a96eea09&h=90292a5d5a91&sub=E-12504c486fe&payment=0.00:DKK:VA_D:Visa%20Debit:true&pageOrigin=F..RP.FE.M59,20220506-2246
59,63cy,2022-07-24,8t. 50min. ,1 stop FRA ,06:20–16:10,Lufthansa,"
2.902 kr. ",https://kayak.dk/book/flight?code=ShBCIzkvOs.e60g2LFm7BOKtDGeeN0IhQ.41231.fc4095ca0b09f8f2657368c6067e73c4&h=76d840a3c127&sub=E-12504c486fe&payment=0.00:DKK:VA_D:Visa%20Debit:true&pageOrigin=F..RP.FE.M60,20220506-2246
60,63cy,2022-07-24,12t. 15min. ,"2 stop FRA, MUC ",06:20–19:35,Lufthansa,"
2.919 kr. ",https://kayak.dk/book/flight?code=ShBCIzkvOs.gUEDyXbJuqWKtDGeeN0IhQ.41473.92197e07a9feb1c4ab40e8ea39c03021&h=c71b28733419&sub=E-1183325fa1d&payment=0.00:DKK:VA_D:Visa%20Debit:true&pageOrigin=F..RP.FE.M61,20220506-2246
61,63cy,2022-07-24,10t. 35min. ,"2 stop OSL, MUC ",08:00–19:35,"SAS, Lufthansa","
2.923 kr. ",https://kayak.dk/book/flight?code=ShBCIzkvOs.G9QQN_lF2QPBDARZyLA7ng.41530.231d6f9e91b1aaa217d0d4ac6a4a556a&h=6609a02a5da4&sub=E-13ca09ef3c4&payment=0.00:DKK:VA_D:Visa%20Debit:true&pageOrigin=F..RP.FE.M62,20220506-2246
62,63cy,2022-07-24,7t. 40min. ,"2 stop MUC, ATH ",06:10–14:50,"Lufthansa, Aegean Airlines","
2.954 kr. ",https://kayak.dk/book/flight?code=ShBCIzkvOs.tb4DAgHpn3sEdn9PX-8xhQ.41963.37eeabd286388669ab1c33d1a4a37180&h=8ae2268e5afc&sub=E-10be792bc6a&payment=0.00:DKK:VA_D:Visa%20Debit:true&pageOrigin=F..RP.FE.M63,20220506-2246
63,63cy,2022-07-24,8t. 30min. ,1 stop VIE ,07:05–16:35,Austrian Airlines,"
3.177 kr. ",https://kayak.dk/book/flight?code=ShBCIzkvOs.7e2QikHpsTMDzQq2dWkU9A.45131.1eb126d49bff805bbbaaeac3bdd8013e&h=beb0163d2382&sub=E-1550e24f803&payment=0.00:DKK:VA_D:Visa%20Debit:true&pageOrigin=F..RP.FE.M64,20220506-2246
64,63cy,2022-07-24,9t. 15min. ,"2 stop FRA, VIE ",06:20–16:35,Lufthansa,"
3.334 kr. ",https://kayak.dk/book/flight?code=ShBCIzkvOs.e60g2LFm7BOKtDGeeN0IhQ.47362.2ed899340c3beabb4e48da3a9638f628&h=aa54933aa3c4&sub=E-1ecfc407a77&payment=0.00:DKK:VA_D:Visa%20Debit:true&pageOrigin=F..RP.FE.M65,20220506-2246
65,63cy,2022-07-24,8t. 45min. ,"2 stop VIE, MUC ",09:50–19:35,"Austrian Airlines, Lufthansa","
3.369 kr. ",https://kayak.dk/book/flight?code=ShBCIzkvOs.FTZUJ6SC9iEmFcdAejOqIg.47859.47d694a3128b8993d80258e398d9013c&h=7f2d451f6c07&_kw_pbranded=true&sub=E-113cf7dcf2e&payment=0.00:DKK:VA_D:Visa%20Debit:true&pageOrigin=F..RP.FE.M66,20220506-2246
66,63cy,2022-07-24,6t. 50min. ,1 stop ATH ,07:00–14:50,"SAS, Aegean Airlines","
4.033 kr. ",https://kayak.dk/book/flight?code=ShBCIzkvOs.tYUOhBwwtNbTYwQ_VUUUMA.57300.747c2ec48a5b9b0961d3d25c74069983&h=83ec9ce48c8e&sub=E-1a3a0167fd0&payment=0.00:DKK:VA_D:Visa%20Debit:true&pageOrigin=F..RP.FE.M67,20220506-2246
67,63cy,2022-07-24,8t. 45min. ,"2 stop FRA, VIE ",14:55–00:40+1,Lufthansa,"
4.373 kr. ",https://kayak.dk/book/flight?code=ShBCIzkvOs.18wgSzIaLAlgpzrTH2pViLaYAeeTFjgE.62124.46bb1d141c184a1f420e7835db9e75c1&h=61d406791f41&sub=E-17f80f1625a&payment=0.00:DKK:VA_D:Visa%20Debit:true&pageOrigin=F..RP.FE.M68,20220506-2246
68,63cy,2022-07-24,7t. 45min. ,1 stop LHR ,16:30–01:15+1,British Airways,"
5.202 kr. ",https://kayak.dk/book/flight?code=ShBCIzkvOs.vkb2KA0OrucDzQq2dWkU9A.73909.9a5e9425426908f7d91b50dcdf849046&h=2560a8970037&_kw_pbranded=true&sub=E-12be55bd888&payment=0.00:DKK:VA_D:Visa%20Debit:true&pageOrigin=F..RP.FE.M69,20220506-2246
69,63cy,2022-07-24,26t. 35min. ,"2 stop GDN, WAW ",07:55–11:30+1,Flere flyselskaber,"
989 kr. ",https://kayak.dk/book/flight?code=ShBCIzkvOs.eNCwACMVOeJpd4CyPwn0EI6M4XD8KcmF.14045.90008d262a9a1ab93adc1ced40d2873e&h=dca97c0bd0a0&sub=E-16dacc069bf&payment=0.00:DKK:VA_D:Visa%20Debit:true&pageOrigin=F..RP.FE.M70,20220506-2246
70,63cy,2022-07-24,26t. 35min. ,"2 stop GDN, WAW ",07:55–11:30+1,Flere flyselskaber,"
989 kr. ",https://kayak.dk/book/flight?code=ShBCIzkvOs.eNCwACMVOeJpd4CyPwn0EI6M4XD8KcmF.14045.f510582959f590ec103e3b46eb0729ea&h=a241d460fb76&sub=E-16dacc069bf&payment=0.00:DKK:VA_D:Visa%20Debit:true&pageOrigin=F..RP.FE.M71,20220506-2246
71,63cy,2022-07-24,20t. 50min. ,"2 stop VAR, SOF ",00:10–22:00,Flere flyselskaber,"
1.048 kr. ",https://kayak.dk/book/flight?code=ShBCIzkvOs.eNCwACMVOeJpd4CyPwn0EI6M4XD8KcmF.14890.02caf993573e949d35af2035ef43fc04&h=924e4e8f3be0&sub=E-1ea73b8c60e&payment=0.00:DKK:VA_D:Visa%20Debit:true&pageOrigin=F..RP.FE.M72,20220506-2246
72,63cy,2022-07-24,25t. 25min. ,"2 stop WAW, OTP ",07:00–09:25+1,"LOT, Blue Air","
1.070 kr. ",https://kayak.dk/book/flight?code=ShBCIzkvOs.eNCwACMVOeJpd4CyPwn0EI6M4XD8KcmF.15203.c70c7f6fc90eff562849b514e0a1f3d3&h=1f0d1c40d757&sub=E-15e20529e1b&payment=0.00:DKK:VA_D:Visa%20Debit:true&pageOrigin=F..RP.FE.M73,20220506-2246
73,63cy,2022-07-24,25t. 25min. ,"2 stop WAW, OTP ",07:00–09:25+1,"LOT, Blue Air","
1.070 kr. ",https://kayak.dk/book/flight?code=ShBCIzkvOs.eNCwACMVOeJpd4CyPwn0EI6M4XD8KcmF.15203.672b369e6f9ee343f557ada961501a2a&h=305db6efcee5&sub=E-15e20529e1b&payment=0.00:DKK:VA_D:Visa%20Debit:true&pageOrigin=F..RP.FE.M74,20220506-2246
74,63cy,2022-07-24,25t. 25min. ,"2 stop WAW, OTP ",07:00–09:25+1,"LOT, Blue Air","
1.070 kr. ",https://kayak.dk/book/flight?code=ShBCIzkvOs.eNCwACMVOeJpd4CyPwn0EI6M4XD8KcmF.15203.8ca26303a64607d0752e29bfdabca53f&h=4df0098f9f93&sub=E-15e20529e1b&payment=0.00:DKK:VA_D:Visa%20Debit:true&pageOrigin=F..RP.FE.M76,20220506-2246
75,63cy,2022-07-24,37t. 40min. ,"3 stop GDN, WAW, ... ",07:55–22:35+1,"Ryanair, LOT","
1.101 kr. ",https://kayak.dk/book/flight?code=ShBCIzkvOs.eNCwACMVOeJpd4CyPwn0EI6M4XD8KcmF.15643.20c9fdc8146afe8815ed48293bae7d79&h=c0afb7b7bbd9&sub=E-1bb60be310f&payment=0.00:DKK:VA_D:Visa%20Debit:true&pageOrigin=F..RP.FE.M77,20220506-2246
76,63cy,2022-07-24,37t. 40min. ,"3 stop GDN, WAW, ... ",07:55–22:35+1,"Ryanair, LOT","
1.101 kr. ",https://kayak.dk/book/flight?code=ShBCIzkvOs.eNCwACMVOeJpd4CyPwn0EI6M4XD8KcmF.15643.3b46b90ee78006f5b8fcd412aa6c6bad&h=3dd58f2030db&sub=E-1bb60be310f&payment=0.00:DKK:VA_D:Visa%20Debit:true&pageOrigin=F..RP.FE.M78,20220506-2246
77,63cy,2022-07-24,37t. 40min. ,"3 stop GDN, WAW, ... ",07:55–22:35+1,"Ryanair, LOT","
1.101 kr. ",https://kayak.dk/book/flight?code=ShBCIzkvOs.eNCwACMVOeJpd4CyPwn0EI6M4XD8KcmF.15643.981dfc658ceeefb802f175cee3604ea7&h=d0c6e1236e76&sub=E-1bb60be310f&payment=0.00:DKK:VA_D:Visa%20Debit:true&pageOrigin=F..RP.FE.M79,20220506-2246
78,63cy,2022-07-24,37t. 40min. ,"3 stop GDN, WAW, ... ",07:55–22:35+1,"Ryanair, LOT","
1.101 kr. ",https://kayak.dk/book/flight?code=ShBCIzkvOs.eNCwACMVOeJpd4CyPwn0EI6M4XD8KcmF.15643.1f8926be7db4c89b21225b1c2c86ae99&h=9ad0f1a92bc8&sub=E-1bb60be310f&payment=0.00:DKK:VA_D:Visa%20Debit:true&pageOrigin=F..RP.FE.M80,20220506-2246
79,63cy,2022-07-24,37t. 40min. ,"3 stop GDN, WAW, ... ",07:55–22:35+1,"Ryanair, LOT","
1.101 kr. ",https://kayak.dk/book/flight?code=ShBCIzkvOs.eNCwACMVOeJpd4CyPwn0EI6M4XD8KcmF.15643.e53e3ee0d021112f158db450b83522a6&h=c81655337f67&sub=E-1bb60be310f&payment=0.00:DKK:VA_D:Visa%20Debit:true&pageOrigin=F..RP.FE.M81,20220506-2246
80,63cy,2022-07-24,26t. 35min. ,1 stop ATH ,11:15–14:50+1,Aegean Airlines,"
1.111 kr. ",https://kayak.dk/book/flight?code=ShBCIzkvOs.0Cx9insxRz2lB60_7nlgXQ.15778.e2047888e4ce234eafc06a73300fa364&h=f19ee2e79cc8&sub=E-177ddff7a85&payment=0.00:DKK:VA_D:Visa%20Debit:true&pageOrigin=F..RP.FE.M82,20220506-2246
81,63cy,2022-07-24,24t. 30min. ,"3 stop GDN, WAW, ... ",07:55–09:25+1,Flere flyselskaber,"
1.111 kr. ",https://kayak.dk/book/flight?code=ShBCIzkvOs.eNCwACMVOeJpd4CyPwn0EI6M4XD8KcmF.15785.44abb960db05386d83ad783b453c7abc&h=01cc2d157665&sub=E-16dacc069bf&payment=0.00:DKK:VA_D:Visa%20Debit:true&pageOrigin=F..RP.FE.M83,20220506-2246
82,63cy,2022-07-24,24t. 30min. ,"3 stop GDN, WAW, ... ",07:55–09:25+1,Flere flyselskaber,"
1.111 kr. ",https://kayak.dk/book/flight?code=ShBCIzkvOs.eNCwACMVOeJpd4CyPwn0EI6M4XD8KcmF.15785.875b267ae42e9ad13d3da105aa4a4532&h=8e75a697ab11&sub=E-16dacc069bf&payment=0.00:DKK:VA_D:Visa%20Debit:true&pageOrigin=F..RP.FE.M84,20220506-2246
83,63cy,2022-07-24,31t. 20min. ,"2 stop WAW, KTW ",12:45–21:05+1,Flere flyselskaber,"
1.167 kr. ",https://kayak.dk/book/flight?code=ShBCIzkvOs.eNCwACMVOeJpd4CyPwn0EI6M4XD8KcmF.16574.63ac77a569e5cf8d57d570ab6af852c3&h=a283b8b4ea47&sub=E-16dacc069bf&payment=0.00:DKK:VA_D:Visa%20Debit:true&pageOrigin=F..RP.FE.M85,20220506-2246
84,63cy,2022-07-24,31t. 20min. ,"2 stop WAW, KTW ",12:45–21:05+1,Flere flyselskaber,"
1.167 kr. ",https://kayak.dk/book/flight?code=ShBCIzkvOs.eNCwACMVOeJpd4CyPwn0EI6M4XD8KcmF.16574.81e7ff2806337f7ad44ea8e5ce8748f7&h=1451e6dba10f&sub=E-16dacc069bf&payment=0.00:DKK:VA_D:Visa%20Debit:true&pageOrigin=F..RP.FE.M86,20220506-2246
85,63cy,2022-07-24,16t. 30min. ,"2 stop BGY, ZAG ",18:25–11:55+1,Ryanair,"
1.199 kr. ",https://kayak.dk/book/flight?code=ShBCIzkvOs.eNCwACMVOeJpd4CyPwn0EI6M4XD8KcmF.17028.511a66fda8381b171fdc427e42b8625e&h=1ac6ee19cfe9&sub=E-15fb055c4bb&payment=0.00:DKK:VA_D:Visa%20Debit:true&pageOrigin=F..RP.FE.M87,20220506-2246
86,63cy,2022-07-24,18t. 35min. ,"2 stop GDN, WAW ",15:55–11:30+1,Flere flyselskaber,"
1.258 kr. ",https://kayak.dk/book/flight?code=ShBCIzkvOs.eNCwACMVOeJpd4CyPwn0EI6M4XD8KcmF.17874.4339503bdbf4a07dba5269d22bbb38b0&h=f94d95dc3d67&sub=E-1119a84c966&payment=0.00:DKK:VA_D:Visa%20Debit:true&pageOrigin=F..RP.FE.M88,20220506-2246
87,63cy,2022-07-24,21t. 20min. ,1 stop ATH ,11:15–09:35+1,Aegean Airlines,"
1.295 kr. ",https://kayak.dk/book/flight?code=ShBCIzkvOs.0Cx9insxRz2lB60_7nlgXQ.18400.2f03c9c80bdd308c99ea57600aa0a019&h=a78611d52ef2&sub=E-177ddff7a85&payment=0.00:DKK:VA_D:Visa%20Debit:true&pageOrigin=F..RP.FE.M89,20220506-2246
88,63cy,2022-07-24,16t. 30min. ,"3 stop GDN, WAW, ... ",15:55–09:25+1,Flere flyselskaber,"
1.381 kr. ",https://kayak.dk/book/flight?code=ShBCIzkvOs.eNCwACMVOeJpd4CyPwn0EI6M4XD8KcmF.19614.88b0db2d7b80bef9ab90d228fbd8bcfb&h=d868451246b8&sub=E-1119a84c966&payment=0.00:DKK:VA_D:Visa%20Debit:true&pageOrigin=F..RP.FE.M90,20220506-2246
89,63cy,2022-07-24,16t. 54min. ,1 stop BUD ,06:05–23:59,"Norwegian, Ryanair","
1.494 kr. ",https://kayak.dk/book/flight?code=ShBCIzkvOs.eNCwACMVOeJpd4CyPwn0EI6M4XD8KcmF.21220.22dfdc417df5f993952683d44891f201&h=5fc3b8e80d30&sub=E-1ea73b8c60e&payment=0.00:DKK:VA_D:Visa%20Debit:true&pageOrigin=F..RP.FE.M91,20220506-2246
90,63cy,2022-07-24,21t. 10min. ,1 stop BUD ,21:55–20:05+1,Ryanair,"
1.522 kr. ",https://kayak.dk/book/flight?code=ShBCIzkvOs.FTZUJ6SC9iEmFcdAejOqIg.21625.ef8e6e159ffe0b07d164c101e16ab83a&h=1c1dea0c0530&_kw_pbranded=true&sub=E-157a97bf000&payment=0.00:DKK:VA_D:Visa%20Debit:true&pageOrigin=F..RP.FE.M92,20220506-2246
91,63cy,2022-07-24,16t. 35min. ,1 stop BUD ,21:55–15:30+1,"Ryanair, Wizz Air","
1.648 kr. ",https://kayak.dk/book/flight?code=ShBCIzkvOs.47F3EeHCWiIEdn9PX-8xhQ.23415.b62026282f151885601fbf2c80f79da0&h=a7b70a01b32d&sub=E-1cbc5e05294&payment=0.00:DKK:VA_D:Visa%20Debit:true&pageOrigin=F..RP.FE.M93,20220506-2246
92,63cy,2022-07-24,16t. 55min. ,"2 stop SKG, ATH ",07:25–01:20+1,Aegean Airlines,"
1.693 kr. ",https://kayak.dk/book/flight?code=ShBCIzkvOs.18wgSzIaLAlgpzrTH2pViLaYAeeTFjgE.24047.db2ddc2eff491f32f868e3ad149d63c0&h=c2bacf8ed96e&sub=E-1a5dd732813&payment=0.00:DKK:VA_D:Visa%20Debit:true&pageOrigin=F..RP.FE.M94,20220506-2246
93,63cy,2022-07-24,16t. 55min. ,"2 stop SKG, ATH ",07:25–01:20+1,Aegean Airlines,"
1.693 kr. ",https://kayak.dk/book/flight?code=ShBCIzkvOs.18wgSzIaLAlgpzrTH2pViLaYAeeTFjgE.24047.4f92a97abf6825f0242afdcbf9d40905&h=969a2ae65f00&sub=E-1a5dd732813&payment=0.00:DKK:VA_D:Visa%20Debit:true&pageOrigin=F..RP.FE.M95,20220506-2246
94,63cy,2022-07-24,16t. 55min. ,"2 stop SKG, ATH ",07:25–01:20+1,Aegean Airlines,"
1.693 kr. ",https://kayak.dk/book/flight?code=ShBCIzkvOs.18wgSzIaLAlgpzrTH2pViLaYAeeTFjgE.24047.141fbb03785660f5608985edc7c5e594&h=6b5cbbb2d65d&sub=E-1a5dd732813&payment=0.00:DKK:VA_D:Visa%20Debit:true&pageOrigin=F..RP.FE.M96,20220506-2246
95,63cy,2022-07-24,14t. 15min. ,1 stop VIE ,20:00–11:15+1,"Austrian Airlines, Ryanair","
1.756 kr. ",https://kayak.dk/book/flight?code=ShBCIzkvOs.eNCwACMVOeJpd4CyPwn0EI6M4XD8KcmF.24949.fcc8e8a96f66bd677cbb559f2f4024be&h=03e8731cc7d0&sub=E-13509e1c411&payment=0.00:DKK:VA_D:Visa%20Debit:true&pageOrigin=F..RP.FE.M97,20220506-2246
96,63cy,2022-07-24,18t. 40min. ,1 stop BGY ,18:25–14:05+1,Ryanair,"
1.772 kr. ",https://kayak.dk/book/flight?code=ShBCIzkvOs.FTZUJ6SC9iEmFcdAejOqIg.25177.389882a70f7aa440525b21526899fb34&h=7320f449d959&_kw_pbranded=true&sub=E-157a97bf000&payment=0.00:DKK:VA_D:Visa%20Debit:true&pageOrigin=F..RP.FE.M98,20220506-2246
97,63cy,2022-07-24,15t. 50min. ,"2 stop BGY, VIE ",18:25–11:15+1,Ryanair,"
1.808 kr. ",https://kayak.dk/book/flight?code=ShBCIzkvOs.FTZUJ6SC9iEmFcdAejOqIg.25681.18c3b9fb48459fffc48dfc2c53858db9&h=11d6f7a4edae&_kw_pbranded=true&sub=E-1bdbdec9063&payment=0.00:DKK:VA_D:Visa%20Debit:true&pageOrigin=F..RP.FE.M99,20220506-2246
98,63cy,2022-07-24,19t. 50min. ,1 stop AMM ,15:55–12:45+1,Royal Jordanian,"
1.827 kr. ",https://kayak.dk/book/flight?code=ShBCIzkvOs.0Cx9insxRz2lB60_7nlgXQ.25951.f18ffc1f0655704510b6adb9fa78ec5c&h=a40020231e83&sub=E-177ddff7a85&payment=0.00:DKK:VA_D:Visa%20Debit:true&pageOrigin=F..RP.FE.M100,20220506-2246
99,63cy,2022-07-24,15t. 10min. ,"2 stop BUD, BGY ",21:55–14:05+1,Ryanair,"
1.893 kr. ",https://kayak.dk/book/flight?code=ShBCIzkvOs.FTZUJ6SC9iEmFcdAejOqIg.26896.e1fc7884293ad2874fa6c373e2b05dbb&h=b64a7bd76d6a&_kw_pbranded=true&sub=E-1bdbdec9063&payment=0.00:DKK:VA_D:Visa%20Debit:true&pageOrigin=F..RP.FE.M101,20220506-2246
100,63cy,2022-07-24,15t. 45min. ,"2 stop STN, PSA ",17:30–10:15+1,Ryanair,"
1.918 kr. ",https://kayak.dk/book/flight?code=ShBCIzkvOs.FTZUJ6SC9iEmFcdAejOqIg.27244.9cddcc5c4dfeda6e17ba3c52ba9df218&h=a97c0bd2a292&_kw_pbranded=true&sub=E-1bdbdec9063&payment=0.00:DKK:VA_D:Visa%20Debit:true&pageOrigin=F..RP.FE.M102,20220506-2246
101,63cy,2022-07-24,25t. 10min. ,"2 stop SKG, ATH ",07:25–09:35+1,Aegean Airlines,"
1.944 kr. ",https://kayak.dk/book/flight?code=ShBCIzkvOs.9lYSaCmVMIfX5HxgfjXj60KjG3h1fuZ4.27607.51f6869c2995b091d3dc4b3175f41d15&h=b2706ec7df4e&sub=E-1fb6840c210&payment=0.00:DKK:VA_D:Visa%20Debit:true&pageOrigin=F..RP.FE.M103,20220506-2246
102,63cy,2022-07-24,30t. 25min. ,"2 stop SKG, ATH ",07:25–14:50+1,Aegean Airlines,"
1.944 kr. ",https://kayak.dk/book/flight?code=ShBCIzkvOs.9lYSaCmVMIfX5HxgfjXj60KjG3h1fuZ4.27607.122bf29e9dc9052874d899eea7759106&h=96bf925577ac&sub=E-1fb6840c210&payment=0.00:DKK:VA_D:Visa%20Debit:true&pageOrigin=F..RP.FE.M104,20220506-2246
103,63cy,2022-07-24,30t. 25min. ,"2 stop SKG, ATH ",07:25–14:50+1,Aegean Airlines,"
1.944 kr. ",https://kayak.dk/book/flight?code=ShBCIzkvOs.9lYSaCmVMIfX5HxgfjXj60KjG3h1fuZ4.27607.46d68dfc0cd11ab0146f0314609024db&h=d507722df705&sub=E-1fb6840c210&payment=0.00:DKK:VA_D:Visa%20Debit:true&pageOrigin=F..RP.FE.M105,20220506-2246
